employee_ID,position,KPI,completed_task,feedback_360,final_score,season,year
SEC-02629,Lead,99.89,63.47,97.01,88.1,1,2025
SEC-02629,Lead,78.17,67.03,95.24,79.95,2,2025
SEC-02629,Lead,70.39,70.6,91.43,76.77,3,2025
QA-07731,Junior,78.43,68.35,74.59,74.25,1,2025
QA-07731,Junior,60.89,86.4,99.45,80.11,2,2025
QA-07731,Junior,77.29,75.36,86.09,79.35,3,2025
QA-09992,Senior,91.11,91.62,90.17,90.98,1,2025
QA-09992,Senior,87.37,89.57,76.68,84.82,2,2025
QA-09992,Senior,63.1,83.75,98.6,79.94,3,2025
DEV-01013,Senior,60.95,69.68,83.59,70.36,1,2025
DEV-01013,Senior,75.2,76.31,62.04,71.59,2,2025
DEV-01013,Senior,98.85,99.75,98.93,99.14,3,2025
SEC-04872,Senior,73.37,97.29,85.53,84.19,1,2025
SEC-04872,Senior,82.09,67.42,80.37,77.18,2,2025
SEC-04872,Senior,76.13,89.23,94.19,85.48,3,2025
SEC-05128,Senior,79.32,95.54,91.21,87.75,1,2025
SEC-05128,Senior,62.5,75.17,69.86,68.51,2,2025
SEC-05128,Senior,89.65,80.92,81.95,84.72,3,2025
QA-03323,Mid,92.67,66.52,87.51,83.28,1,2025
QA-03323,Mid,60.33,61.42,92.71,70.37,2,2025
QA-03323,Mid,86.7,70.74,76.88,78.97,3,2025
DEV-03391,Mid,79.24,81.11,91.71,83.54,1,2025
DEV-03391,Mid,86.07,85.07,90.41,87.07,2,2025
DEV-03391,Mid,81.56,90.08,69.4,80.47,3,2025
DAT-01820,Mid,90.36,66.93,71.84,77.77,1,2025
DAT-01820,Mid,72.29,99.73,81.26,83.21,2,2025
DAT-01820,Mid,93.47,82.52,63.04,81.06,3,2025
DAT-03429,Senior,69.03,93.74,94.83,84.18,1,2025
DAT-03429,Senior,91.34,98.67,78.07,89.56,2,2025
DAT-03429,Senior,73.39,60.15,88.11,73.83,3,2025
DEV-05298,Mid,74.61,65.91,80.95,73.9,1,2025
DEV-05298,Mid,69.85,67.78,79.76,72.2,2,2025
DEV-05298,Mid,84.11,99.44,98.73,93.09,3,2025
DAT-06355,Mid,74.77,86.25,99.03,85.49,1,2025
DAT-06355,Mid,68.19,63.62,79.56,70.23,2,2025
DAT-06355,Mid,88.34,84.72,61.45,79.19,3,2025
QA-00196,Mid,62.14,81.84,61.46,67.85,1,2025
QA-00196,Mid,80.7,73.28,61.97,72.86,2,2025
QA-00196,Mid,73.78,76.2,97.39,81.59,3,2025
DEV-07039,Senior,90.96,81.9,60.65,79.15,1,2025
DEV-07039,Senior,97.13,91.28,82.43,90.97,2,2025
DEV-07039,Senior,78.51,66.02,65.05,70.73,3,2025
DAT-00732,Senior,73.2,65.47,89.93,75.9,1,2025
DAT-00732,Senior,96.78,75.41,68.78,81.97,2,2025
DAT-00732,Senior,74.16,99.27,88.73,86.07,3,2025
QA-04048,Mid,72.09,79.59,92.85,80.57,1,2025
QA-04048,Mid,62.75,68.58,70.91,66.95,2,2025
QA-04048,Mid,66.59,82.08,96.29,80.15,3,2025
DAT-06065,Mid,69.93,75.05,89.4,77.31,1,2025
DAT-06065,Mid,90.52,95.61,64.62,84.28,2,2025
DAT-06065,Mid,83.65,80.27,65.94,77.32,3,2025
DEV-02470,Junior,65.06,60.64,81.26,68.59,1,2025
DEV-02470,Junior,72.29,98.54,78.62,82.07,2,2025
DEV-02470,Junior,72.45,77.81,67.93,72.7,3,2025
DAT-09747,Junior,84.88,71.73,82.94,80.35,1,2025
DAT-09747,Junior,85.48,65.21,73.1,75.69,2,2025
DAT-09747,Junior,75.25,93.45,88.49,84.68,3,2025
SEC-04523,Junior,67.23,70.82,88.42,74.67,1,2025
SEC-04523,Junior,82.31,64.79,72.98,74.25,2,2025
SEC-04523,Junior,75.56,68.18,84.61,76.06,3,2025
QA-01573,Mid,61.65,75.09,93.09,75.11,1,2025
QA-01573,Mid,71.51,98.97,65.29,77.88,2,2025
QA-01573,Mid,89.65,83.31,83.66,85.95,3,2025
DEV-04950,Lead,99.03,90.21,61.05,84.99,1,2025
DEV-04950,Lead,70.35,76.74,98.22,80.63,2,2025
DEV-04950,Lead,68.32,94.32,98.28,85.11,3,2025
SEC-09369,Lead,70.94,60.91,80.56,70.81,1,2025
SEC-09369,Lead,84.32,84.88,77.09,82.32,2,2025
SEC-09369,Lead,60.24,98.38,74.35,75.91,3,2025
DEV-03326,Senior,98.84,85.04,70.12,86.08,1,2025
DEV-03326,Senior,60.31,69.05,97.24,74.01,2,2025
DEV-03326,Senior,82.73,98.69,72.48,84.44,3,2025
SEC-04301,Senior,74.04,75.06,75.83,74.88,1,2025
SEC-04301,Senior,60.54,65.4,68.86,64.49,2,2025
SEC-04301,Senior,80.87,94.87,94.02,89.02,3,2025
DEV-01302,Mid,69.49,90.58,87.34,81.17,1,2025
DEV-01302,Mid,60.77,80.75,64.6,67.91,2,2025
DEV-01302,Mid,71.99,77.67,65.46,71.74,3,2025
DEV-07522,Mid,63.97,69.95,90.06,73.59,1,2025
DEV-07522,Mid,60.76,93.65,94.0,80.6,2,2025
DEV-07522,Mid,73.94,73.14,94.2,79.78,3,2025
DAT-05225,Senior,91.82,88.23,92.26,90.88,1,2025
DAT-05225,Senior,99.61,69.21,64.64,80.0,2,2025
DAT-05225,Senior,96.06,84.3,88.44,90.25,3,2025
DEV-08922,Senior,92.65,61.5,86.12,81.34,1,2025
DEV-08922,Senior,84.87,61.08,91.37,79.68,2,2025
DEV-08922,Senior,74.24,64.54,94.07,77.28,3,2025
QA-07979,Mid,88.02,60.19,62.66,72.06,1,2025
QA-07979,Mid,76.62,70.53,98.17,81.26,2,2025
QA-07979,Mid,91.4,60.49,64.83,74.16,3,2025
DEV-04172,Lead,99.42,75.46,75.58,85.08,1,2025
DEV-04172,Lead,92.74,83.63,72.43,83.92,2,2025
DEV-04172,Lead,66.59,86.82,73.28,74.67,3,2025
DAT-06304,Senior,87.91,98.93,77.78,88.18,1,2025
DAT-06304,Senior,87.74,86.41,62.4,79.74,2,2025
DAT-06304,Senior,83.34,64.78,64.39,72.09,3,2025
SEC-09459,Junior,86.29,61.67,85.53,78.68,1,2025
SEC-09459,Junior,89.01,98.41,72.53,86.89,2,2025
SEC-09459,Junior,93.21,81.61,78.97,85.46,3,2025
DEV-00292,Lead,67.05,70.08,83.56,72.91,1,2025
DEV-00292,Lead,60.13,77.16,69.72,68.12,2,2025
DEV-00292,Lead,70.11,90.0,88.18,81.49,3,2025
DAT-05952,Lead,75.53,76.16,60.43,71.19,1,2025
DAT-05952,Lead,76.4,79.89,65.81,74.27,2,2025
DAT-05952,Lead,60.74,70.24,65.35,64.97,3,2025
DEV-04909,Mid,85.27,62.65,77.2,76.06,1,2025
DEV-04909,Mid,88.76,64.71,87.04,81.03,2,2025
DEV-04909,Mid,81.34,85.04,67.79,78.39,3,2025
DEV-06363,Mid,93.16,64.03,66.44,76.41,1,2025
DEV-06363,Mid,95.16,68.29,67.87,78.91,2,2025
DEV-06363,Mid,99.91,70.38,73.48,83.12,3,2025
QA-02219,Mid,99.98,98.08,84.01,94.62,1,2025
QA-02219,Mid,90.98,65.59,95.42,84.7,2,2025
QA-02219,Mid,97.57,72.13,96.08,89.49,3,2025
QA-06560,Senior,98.26,68.3,65.04,79.31,1,2025
QA-06560,Senior,80.28,97.35,76.58,84.29,2,2025
QA-06560,Senior,79.55,88.15,84.04,83.48,3,2025
DEV-06575,Lead,86.12,67.19,95.98,83.4,1,2025
DEV-06575,Lead,84.21,96.93,90.13,89.8,2,2025
DEV-06575,Lead,78.34,95.11,82.27,84.55,3,2025
SEC-00531,Junior,78.1,92.69,94.73,87.47,1,2025
SEC-00531,Junior,88.81,91.77,69.29,83.84,2,2025
SEC-00531,Junior,83.83,69.58,60.57,72.58,3,2025
DEV-04629,Senior,65.72,74.39,98.0,78.0,1,2025
DEV-04629,Senior,64.36,70.42,72.63,68.66,2,2025
DEV-04629,Senior,69.19,90.71,94.96,83.38,3,2025
SEC-09270,Senior,83.35,80.85,86.79,83.63,1,2025
SEC-09270,Senior,78.91,96.58,69.95,81.52,2,2025
SEC-09270,Senior,92.61,84.26,87.37,88.53,3,2025
QA-06912,Lead,77.3,61.6,84.59,74.78,1,2025
QA-06912,Lead,65.0,77.47,61.06,67.56,2,2025
QA-06912,Lead,96.82,77.25,81.63,86.39,3,2025
SEC-00122,Mid,96.14,99.52,80.97,92.6,1,2025
SEC-00122,Mid,61.28,97.44,80.13,77.78,2,2025
SEC-00122,Mid,71.95,95.95,65.45,77.2,3,2025
SEC-03291,Lead,66.98,84.36,79.56,75.97,1,2025
SEC-03291,Lead,68.58,77.44,69.94,71.64,2,2025
SEC-03291,Lead,83.21,65.3,91.78,80.41,3,2025
DEV-07607,Lead,87.55,86.69,87.76,87.36,1,2025
DEV-07607,Lead,96.94,72.28,74.84,82.92,2,2025
DEV-07607,Lead,85.66,64.46,61.95,72.19,3,2025
DEV-07190,Lead,70.14,71.1,90.65,76.58,1,2025
DEV-07190,Lead,96.65,67.96,75.71,81.76,2,2025
DEV-07190,Lead,92.02,95.57,80.22,89.54,3,2025
DAT-09210,Junior,66.54,76.85,68.79,70.31,1,2025
DAT-09210,Junior,72.41,72.93,97.62,80.13,2,2025
DAT-09210,Junior,89.53,71.7,89.98,84.31,3,2025
DEV-02188,Mid,69.87,65.38,62.27,66.24,1,2025
DEV-02188,Mid,60.56,83.18,62.13,67.81,2,2025
DEV-02188,Mid,72.81,66.88,68.92,69.87,3,2025
DAT-05387,Junior,85.78,73.01,71.28,77.6,1,2025
DAT-05387,Junior,60.81,90.0,69.3,72.11,2,2025
DAT-05387,Junior,75.15,62.17,66.81,68.75,3,2025
SEC-07006,Junior,75.86,85.14,66.78,75.92,1,2025
SEC-07006,Junior,93.27,82.48,79.74,85.98,2,2025
SEC-07006,Junior,88.64,97.66,76.32,87.65,3,2025
SEC-00982,Senior,66.61,93.17,62.75,73.42,1,2025
SEC-00982,Senior,73.0,94.43,73.54,79.59,2,2025
SEC-00982,Senior,65.13,95.81,85.27,80.37,3,2025
DEV-07314,Senior,78.71,86.53,80.45,81.58,1,2025
DEV-07314,Senior,98.77,81.64,69.11,84.73,2,2025
DEV-07314,Senior,62.68,77.35,79.31,72.07,3,2025
DAT-07071,Mid,66.16,89.98,72.64,75.25,1,2025
DAT-07071,Mid,70.66,80.2,64.17,71.58,2,2025
DAT-07071,Mid,61.01,63.77,89.08,70.26,3,2025
DEV-04961,Lead,98.12,74.23,82.18,86.17,1,2025
DEV-04961,Lead,73.56,93.88,69.37,78.4,2,2025
DEV-04961,Lead,67.52,62.85,83.08,70.78,3,2025
DEV-08126,Lead,97.67,91.78,98.0,96.0,1,2025
DEV-08126,Lead,70.24,61.98,75.16,69.24,2,2025
DEV-08126,Lead,82.78,70.3,95.26,82.78,3,2025
DEV-00701,Lead,87.09,86.96,63.13,79.86,1,2025
DEV-00701,Lead,97.2,83.41,97.37,93.11,2,2025
DEV-00701,Lead,69.36,67.95,73.15,70.08,3,2025
SEC-03903,Mid,97.81,96.82,76.69,91.18,1,2025
SEC-03903,Mid,89.89,67.05,96.69,85.08,2,2025
SEC-03903,Mid,81.5,60.4,87.5,76.97,3,2025
QA-01540,Senior,86.88,76.8,66.89,77.86,1,2025
QA-01540,Senior,72.94,71.74,95.72,79.41,2,2025
QA-01540,Senior,61.05,61.2,89.65,69.68,3,2025
DEV-09717,Manager,91.86,69.13,96.54,86.45,1,2025
DEV-09717,Manager,76.32,87.38,70.85,78.0,2,2025
DEV-09717,Manager,76.72,92.64,86.08,84.3,3,2025
DEV-09520,Senior,66.26,67.09,84.19,71.89,1,2025
DEV-09520,Senior,73.85,63.5,79.05,72.31,2,2025
DEV-09520,Senior,97.17,93.99,82.7,91.87,3,2025
DEV-01924,Mid,86.29,94.87,64.1,82.21,1,2025
DEV-01924,Mid,75.96,67.27,68.19,71.02,2,2025
DEV-01924,Mid,95.17,84.59,62.45,82.18,3,2025
QA-09337,Mid,63.47,76.14,87.11,74.36,1,2025
QA-09337,Mid,97.58,96.15,89.6,94.76,2,2025
QA-09337,Mid,94.8,64.64,97.41,86.53,3,2025
SEC-08506,Mid,88.42,62.0,75.18,76.52,1,2025
SEC-08506,Mid,84.62,67.98,91.09,81.57,2,2025
SEC-08506,Mid,96.37,95.6,67.99,87.63,3,2025
SEC-00690,Junior,86.45,97.29,67.41,83.99,1,2025
SEC-00690,Junior,72.46,97.98,71.84,79.93,2,2025
SEC-00690,Junior,93.41,84.45,98.75,92.32,3,2025
DAT-01378,Mid,66.32,66.95,83.65,71.71,1,2025
DAT-01378,Mid,60.67,76.19,74.1,69.36,2,2025
DAT-01378,Mid,94.26,75.4,85.43,85.95,3,2025
DAT-00193,Lead,88.08,65.82,99.96,84.96,1,2025
DAT-00193,Lead,92.32,95.06,95.35,94.05,2,2025
DAT-00193,Lead,66.79,90.1,97.01,82.85,3,2025
DAT-08871,Senior,60.18,72.62,70.82,67.11,1,2025
DAT-08871,Senior,96.07,91.75,83.84,91.1,2,2025
DAT-08871,Senior,62.65,60.58,72.39,64.95,3,2025
DEV-02204,Junior,75.69,96.93,83.22,84.32,1,2025
DEV-02204,Junior,65.19,98.33,88.37,82.09,2,2025
DEV-02204,Junior,78.55,94.98,80.15,83.96,3,2025
DAT-01786,Junior,88.69,97.41,87.99,91.1,1,2025
DAT-01786,Junior,81.3,97.56,85.75,87.51,2,2025
DAT-01786,Junior,85.76,99.23,98.67,93.67,3,2025
DAT-00985,Lead,96.61,73.86,97.7,90.11,1,2025
DAT-00985,Lead,84.46,62.77,89.75,79.54,2,2025
DAT-00985,Lead,87.29,65.48,99.07,84.28,3,2025
DEV-08540,Lead,60.58,79.47,60.99,66.37,1,2025
DEV-08540,Lead,71.29,62.97,71.84,68.96,2,2025
DEV-08540,Lead,65.7,80.14,89.85,77.28,3,2025
DEV-00695,Mid,87.17,79.55,82.89,83.6,1,2025
DEV-00695,Mid,68.3,72.05,86.28,74.82,2,2025
DEV-00695,Mid,98.1,63.22,62.04,76.82,3,2025
QA-02573,Mid,73.76,87.36,80.4,79.83,1,2025
QA-02573,Mid,70.94,67.55,97.31,77.83,2,2025
QA-02573,Mid,91.69,73.6,83.95,83.94,3,2025
DAT-08345,Mid,88.85,71.64,85.54,82.7,1,2025
DAT-08345,Mid,93.35,95.2,70.78,87.13,2,2025
DAT-08345,Mid,64.86,72.91,88.15,74.26,3,2025
DEV-06504,Mid,68.42,91.69,66.79,74.91,1,2025
DEV-06504,Mid,63.37,86.99,69.04,72.15,2,2025
DEV-06504,Mid,92.01,72.66,94.39,86.92,3,2025
QA-04483,Senior,94.86,65.49,80.59,81.77,1,2025
QA-04483,Senior,66.35,96.82,71.19,76.94,2,2025
QA-04483,Senior,93.67,80.81,88.36,88.22,3,2025
QA-06272,Junior,93.73,94.83,76.74,88.97,1,2025
QA-06272,Junior,65.93,100.0,73.95,78.56,2,2025
QA-06272,Junior,72.91,79.7,74.12,75.31,3,2025
QA-06875,Senior,69.51,67.63,91.95,75.68,1,2025
QA-06875,Senior,90.72,70.7,77.54,80.76,2,2025
QA-06875,Senior,72.53,71.63,75.35,73.11,3,2025
SEC-01513,Mid,72.41,86.7,96.05,83.79,1,2025
SEC-01513,Mid,99.25,86.88,81.68,90.27,2,2025
SEC-01513,Mid,79.59,95.29,89.7,87.33,3,2025
DAT-03848,Junior,95.67,94.26,81.9,91.12,1,2025
DAT-03848,Junior,70.23,71.89,92.17,77.31,2,2025
DAT-03848,Junior,90.75,65.69,96.81,85.05,3,2025
DEV-02123,Senior,88.59,61.29,83.23,78.79,1,2025
DEV-02123,Senior,96.72,74.92,76.7,84.17,2,2025
DEV-02123,Senior,86.29,92.17,94.94,90.65,3,2025
DEV-05991,Junior,95.79,65.23,79.7,81.79,1,2025
DEV-05991,Junior,78.7,64.32,60.55,68.94,2,2025
DEV-05991,Junior,87.13,75.16,87.32,83.59,3,2025
SEC-01745,Mid,94.01,81.19,85.19,87.52,1,2025
SEC-01745,Mid,79.11,73.03,61.12,71.89,2,2025
SEC-01745,Mid,84.45,71.13,78.27,78.6,3,2025
QA-04546,Mid,77.94,82.4,95.73,84.61,1,2025
QA-04546,Mid,91.62,64.01,69.29,76.64,2,2025
QA-04546,Mid,78.59,81.71,81.4,80.37,3,2025
SEC-03153,Mid,80.88,94.36,73.05,82.58,1,2025
SEC-03153,Mid,66.9,95.41,98.34,84.88,2,2025
SEC-03153,Mid,99.85,90.19,80.92,91.27,3,2025
SEC-03060,Lead,98.37,71.53,81.24,85.18,1,2025
SEC-03060,Lead,85.71,88.39,92.54,88.56,2,2025
SEC-03060,Lead,86.26,72.05,63.09,75.05,3,2025
DEV-09859,Junior,88.46,81.22,77.81,83.09,1,2025
DEV-09859,Junior,88.71,89.97,61.3,80.87,2,2025
DEV-09859,Junior,80.72,71.59,84.81,79.21,3,2025
DEV-02311,Mid,60.15,81.41,73.78,70.62,1,2025
DEV-02311,Mid,72.85,69.54,62.42,68.73,2,2025
DEV-02311,Mid,88.27,64.09,61.28,72.92,3,2025
DEV-02179,Junior,84.77,95.05,93.76,90.55,1,2025
DEV-02179,Junior,72.49,88.82,69.77,76.57,2,2025
DEV-02179,Junior,75.69,99.43,91.73,87.62,3,2025
QA-07941,Mid,96.99,86.34,90.02,91.7,1,2025
QA-07941,Mid,69.66,70.04,81.71,73.39,2,2025
QA-07941,Mid,70.4,66.26,95.65,76.73,3,2025
DEV-04185,Mid,94.93,88.78,86.46,90.54,1,2025
DEV-04185,Mid,82.34,77.11,68.98,76.76,2,2025
DEV-04185,Mid,99.85,68.81,60.1,78.61,3,2025
DEV-08597,Senior,97.07,86.88,81.47,89.34,1,2025
DEV-08597,Senior,72.89,70.48,85.06,75.82,2,2025
DEV-08597,Senior,95.98,73.48,95.96,89.22,3,2025
DEV-08586,Senior,62.62,91.96,86.27,78.52,1,2025
DEV-08586,Senior,78.37,93.84,69.83,80.45,2,2025
DEV-08586,Senior,90.53,78.36,83.7,84.83,3,2025
DAT-01053,Junior,94.67,81.38,91.09,89.61,1,2025
DAT-01053,Junior,88.71,70.14,66.74,76.55,2,2025
DAT-01053,Junior,84.96,96.73,71.46,84.44,3,2025
QA-00488,Mid,79.92,76.67,85.83,80.72,1,2025
QA-00488,Mid,69.26,92.49,78.94,79.14,2,2025
QA-00488,Mid,71.0,82.27,90.18,80.14,3,2025
QA-01355,Senior,75.5,60.61,65.76,68.11,1,2025
QA-01355,Senior,74.13,84.54,96.29,83.9,2,2025
QA-01355,Senior,64.91,70.47,83.79,72.24,3,2025
DEV-08002,Lead,82.34,68.66,94.49,81.88,1,2025
DEV-08002,Lead,64.63,67.92,94.32,74.52,2,2025
DEV-08002,Lead,69.21,97.4,95.27,85.48,3,2025
DEV-09676,Mid,94.85,83.26,80.81,87.16,1,2025
DEV-09676,Mid,61.96,95.37,69.14,74.14,2,2025
DEV-09676,Mid,76.86,69.24,87.52,77.77,3,2025
DEV-09980,Lead,69.6,79.3,63.78,70.77,1,2025
DEV-09980,Lead,97.0,87.08,91.99,92.52,2,2025
DEV-09980,Lead,72.25,94.99,80.35,81.5,3,2025
QA-04357,Mid,89.13,97.13,72.83,86.64,1,2025
QA-04357,Mid,81.67,61.78,86.65,77.19,2,2025
QA-04357,Mid,96.84,66.18,85.6,84.27,3,2025
QA-08896,Senior,90.14,95.89,90.72,92.04,1,2025
QA-08896,Senior,62.51,92.72,86.27,78.7,2,2025
QA-08896,Senior,94.62,99.39,84.82,93.11,3,2025
DEV-06281,Mid,68.88,84.92,61.26,71.41,1,2025
DEV-06281,Mid,84.38,66.01,68.51,74.11,2,2025
DEV-06281,Mid,82.05,80.69,63.38,76.04,3,2025
DAT-04962,Manager,83.81,78.74,76.22,80.01,1,2025
DAT-04962,Manager,61.92,69.62,90.13,72.69,2,2025
DAT-04962,Manager,95.69,69.19,64.3,78.33,3,2025
SEC-06359,Mid,79.47,69.18,64.62,71.93,1,2025
SEC-06359,Mid,60.24,61.45,87.33,68.73,2,2025
SEC-06359,Mid,62.11,70.85,74.79,68.53,3,2025
DAT-04840,Lead,95.07,91.6,71.87,87.07,1,2025
DAT-04840,Lead,83.05,83.75,96.19,87.2,2,2025
DAT-04840,Lead,81.29,66.68,74.2,74.78,3,2025
DAT-04916,Junior,60.67,66.68,79.8,68.21,1,2025
DAT-04916,Junior,88.23,94.6,68.68,84.28,2,2025
DAT-04916,Junior,63.99,68.57,96.17,75.02,3,2025
SEC-05360,Mid,95.59,97.22,67.53,87.66,1,2025
SEC-05360,Mid,66.14,85.47,89.4,78.92,2,2025
SEC-05360,Mid,60.47,67.01,96.25,73.17,3,2025
SEC-06243,Manager,89.51,98.23,92.56,93.04,1,2025
SEC-06243,Manager,62.23,96.33,86.58,79.77,2,2025
SEC-06243,Manager,74.21,72.75,95.52,80.16,3,2025
QA-03822,Manager,78.8,89.58,94.15,86.64,1,2025
QA-03822,Manager,65.86,81.75,97.93,80.25,2,2025
QA-03822,Manager,72.64,77.8,74.44,74.73,3,2025
QA-01936,Senior,80.02,81.44,99.74,86.36,1,2025
QA-01936,Senior,69.66,90.07,77.62,78.17,2,2025
QA-01936,Senior,68.09,84.37,63.65,71.64,3,2025
DEV-08298,Mid,95.6,78.06,97.02,90.76,1,2025
DEV-08298,Mid,67.07,77.53,60.81,68.33,2,2025
DEV-08298,Mid,92.32,75.82,76.01,82.48,3,2025
DAT-05312,Senior,90.57,88.11,86.5,88.61,1,2025
DAT-05312,Senior,67.64,60.35,98.51,74.72,2,2025
DAT-05312,Senior,69.62,96.62,74.68,79.24,3,2025
DEV-02612,Junior,64.96,75.99,89.15,75.52,1,2025
DEV-02612,Junior,99.03,62.15,76.77,81.29,2,2025
DEV-02612,Junior,87.81,85.95,63.78,80.04,3,2025
DAT-07693,Mid,86.37,82.77,96.32,88.28,1,2025
DAT-07693,Mid,69.58,96.7,74.88,79.31,2,2025
DAT-07693,Mid,80.88,92.69,74.75,82.59,3,2025
QA-06475,Senior,82.54,63.15,79.99,75.96,1,2025
QA-06475,Senior,93.88,60.62,73.58,77.81,2,2025
QA-06475,Senior,66.46,85.68,80.1,76.32,3,2025
QA-03604,Senior,69.07,69.42,95.63,77.14,1,2025
QA-03604,Senior,64.54,71.62,70.47,68.44,2,2025
QA-03604,Senior,93.08,69.05,81.61,82.43,3,2025
DAT-04220,Junior,97.1,75.77,90.81,88.82,1,2025
DAT-04220,Junior,87.39,64.23,62.08,72.85,2,2025
DAT-04220,Junior,99.09,68.47,71.31,81.57,3,2025
DEV-01146,Lead,79.15,61.39,84.03,75.29,1,2025
DEV-01146,Lead,76.96,75.3,87.6,79.66,2,2025
DEV-01146,Lead,73.75,69.11,67.24,70.4,3,2025
QA-01169,Senior,87.88,81.97,64.68,79.15,1,2025
QA-01169,Senior,98.03,66.79,81.92,83.83,2,2025
QA-01169,Senior,96.6,66.95,81.13,83.06,3,2025
QA-01383,Lead,82.83,72.6,97.66,84.21,1,2025
QA-01383,Lead,84.43,78.87,63.83,76.58,2,2025
QA-01383,Lead,88.44,84.25,95.34,89.26,3,2025
DEV-07528,Senior,70.82,62.43,97.13,76.19,1,2025
DEV-07528,Senior,82.21,60.66,71.83,72.63,2,2025
DEV-07528,Senior,70.97,99.33,81.73,82.71,3,2025
DEV-08273,Mid,93.86,87.85,75.78,86.63,1,2025
DEV-08273,Mid,85.48,73.9,65.17,75.91,2,2025
DEV-08273,Mid,97.93,90.24,67.82,86.59,3,2025
DAT-03535,Senior,96.91,78.88,91.66,89.92,1,2025
DAT-03535,Senior,68.4,88.74,98.21,83.44,2,2025
DAT-03535,Senior,99.3,92.58,78.48,91.04,3,2025
DEV-05164,Mid,71.29,93.53,63.81,75.72,1,2025
DEV-05164,Mid,76.2,90.77,61.86,76.27,2,2025
DEV-05164,Mid,66.18,62.38,65.35,64.79,3,2025
QA-00089,Junior,91.28,68.02,92.48,84.66,1,2025
QA-00089,Junior,95.31,89.77,69.06,85.77,2,2025
QA-00089,Junior,79.26,78.6,89.18,82.04,3,2025
DEV-09053,Senior,86.77,70.23,92.63,83.56,1,2025
DEV-09053,Senior,60.44,98.71,78.11,77.22,2,2025
DEV-09053,Senior,90.48,62.89,70.03,76.07,3,2025
SEC-07180,Lead,72.56,77.42,98.8,81.89,1,2025
SEC-07180,Lead,90.2,69.14,71.85,78.38,2,2025
SEC-07180,Lead,70.4,62.31,94.38,75.17,3,2025
DEV-05514,Junior,69.37,79.42,95.69,80.28,1,2025
DEV-05514,Junior,69.14,91.45,65.24,74.66,2,2025
DEV-05514,Junior,78.65,78.11,90.33,81.99,3,2025
QA-09997,Senior,97.5,81.02,73.23,85.28,1,2025
QA-09997,Senior,68.22,72.79,95.88,77.89,2,2025
QA-09997,Senior,64.27,85.82,73.74,73.58,3,2025
QA-06199,Mid,62.78,86.96,99.24,80.97,1,2025
QA-06199,Mid,90.71,66.36,85.31,81.79,2,2025
QA-06199,Mid,81.58,73.83,96.81,83.82,3,2025
DEV-00197,Mid,60.19,73.28,95.94,74.84,1,2025
DEV-00197,Mid,96.99,90.42,94.75,94.35,2,2025
DEV-00197,Mid,87.61,97.51,61.53,82.75,3,2025
DEV-02353,Junior,73.12,61.91,70.19,68.88,1,2025
DEV-02353,Junior,70.38,94.87,99.13,86.35,2,2025
DEV-02353,Junior,88.75,93.6,86.11,89.41,3,2025
DEV-02626,Mid,89.07,62.81,60.96,72.76,1,2025
DEV-02626,Mid,69.94,63.81,89.42,73.95,2,2025
DEV-02626,Mid,68.18,73.87,77.7,72.75,3,2025
QA-07789,Senior,84.09,98.57,72.71,85.02,1,2025
QA-07789,Senior,79.24,74.15,68.17,74.39,2,2025
QA-07789,Senior,96.65,96.83,83.74,92.83,3,2025
DAT-06774,Senior,89.05,69.71,98.28,86.02,1,2025
DAT-06774,Senior,93.21,79.62,97.82,90.52,2,2025
DAT-06774,Senior,87.18,70.64,66.92,76.14,3,2025
DEV-07226,Manager,93.5,72.58,99.62,89.06,1,2025
DEV-07226,Manager,67.91,65.25,86.71,72.75,2,2025
DEV-07226,Manager,60.26,85.85,71.7,71.37,3,2025
QA-08607,Mid,61.97,79.07,84.79,73.95,1,2025
QA-08607,Mid,91.01,92.5,62.42,82.88,2,2025
QA-08607,Mid,66.02,88.26,81.72,77.4,3,2025
DEV-07024,Senior,68.44,66.16,63.08,66.15,1,2025
DEV-07024,Senior,89.79,87.9,66.17,82.14,2,2025
DEV-07024,Senior,98.58,61.05,69.61,78.63,3,2025
DEV-00319,Senior,74.18,75.41,70.82,73.54,1,2025
DEV-00319,Senior,82.2,93.29,79.63,84.76,2,2025
DEV-00319,Senior,60.73,67.84,89.75,71.57,3,2025
SEC-06165,Mid,91.42,89.82,67.52,83.77,1,2025
SEC-06165,Mid,88.14,82.62,99.22,89.81,2,2025
SEC-06165,Mid,62.51,70.78,85.99,72.03,3,2025
SEC-05326,Senior,98.28,90.62,75.67,89.2,1,2025
SEC-05326,Senior,92.77,92.42,94.89,93.3,2,2025
SEC-05326,Senior,62.4,90.97,83.14,77.19,3,2025
DEV-03792,Mid,68.43,60.97,69.82,66.61,1,2025
DEV-03792,Mid,73.19,77.94,97.1,81.79,2,2025
DEV-03792,Mid,89.67,60.06,80.54,78.05,3,2025
DEV-09921,Lead,77.03,96.61,97.67,89.1,1,2025
DEV-09921,Lead,77.3,87.5,89.51,84.03,2,2025
DEV-09921,Lead,68.23,76.26,89.56,77.04,3,2025
DAT-01635,Mid,68.94,65.53,75.2,69.79,1,2025
DAT-01635,Mid,88.13,86.88,95.84,90.07,2,2025
DAT-01635,Mid,91.29,84.31,74.8,84.25,3,2025
DEV-00745,Junior,81.96,61.53,74.03,73.45,1,2025
DEV-00745,Junior,93.05,77.57,93.41,88.51,2,2025
DEV-00745,Junior,91.46,76.31,85.15,85.02,3,2025
DEV-01748,Mid,61.87,89.55,65.91,71.38,1,2025
DEV-01748,Mid,78.93,80.93,77.44,79.08,2,2025
DEV-01748,Mid,96.34,63.76,85.29,83.25,3,2025
QA-08859,Senior,67.84,87.78,93.45,81.51,1,2025
QA-08859,Senior,87.64,99.13,76.36,87.7,2,2025
QA-08859,Senior,92.34,82.86,86.5,87.74,3,2025
QA-00282,Mid,78.16,60.69,67.38,69.69,1,2025
QA-00282,Mid,66.35,91.05,60.46,71.99,2,2025
QA-00282,Mid,95.17,67.08,78.23,81.66,3,2025
DEV-03503,Senior,86.53,68.83,66.54,75.22,1,2025
DEV-03503,Senior,92.83,69.97,96.35,87.03,2,2025
DEV-03503,Senior,96.07,85.37,64.86,83.5,3,2025
DAT-02495,Lead,75.27,76.56,82.7,77.89,1,2025
DAT-02495,Lead,67.63,72.06,62.24,67.34,2,2025
DAT-02495,Lead,66.12,67.54,79.86,70.67,3,2025
DEV-00703,Mid,62.66,77.09,92.42,75.92,1,2025
DEV-00703,Mid,66.8,81.99,77.87,74.67,2,2025
DEV-00703,Mid,75.89,74.56,72.69,74.53,3,2025
DAT-06458,Mid,91.96,75.05,70.96,80.59,1,2025
DAT-06458,Mid,72.43,96.59,62.27,76.63,2,2025
DAT-06458,Mid,93.71,61.66,95.93,84.76,3,2025
DEV-06100,Mid,71.24,67.36,93.35,76.71,1,2025
DEV-06100,Mid,72.79,73.59,96.68,80.2,2,2025
DEV-06100,Mid,71.88,65.36,73.18,70.31,3,2025
DAT-01544,Mid,68.88,86.72,96.02,82.38,1,2025
DAT-01544,Mid,69.81,90.4,88.17,81.5,2,2025
DAT-01544,Mid,93.76,88.32,74.34,86.3,3,2025
SEC-01025,Lead,85.24,62.42,82.88,77.69,1,2025
SEC-01025,Lead,62.42,68.37,77.29,68.67,2,2025
SEC-01025,Lead,90.43,91.94,89.79,90.69,3,2025
SEC-06733,Senior,88.01,99.78,83.88,90.3,1,2025
SEC-06733,Senior,89.32,93.57,78.57,87.37,2,2025
SEC-06733,Senior,61.89,98.1,63.4,73.21,3,2025
SEC-02679,Senior,98.62,89.94,75.1,88.96,1,2025
SEC-02679,Senior,94.64,67.19,85.5,83.66,2,2025
SEC-02679,Senior,89.86,87.58,87.18,88.37,3,2025
DAT-06243,Senior,60.96,98.46,64.89,73.39,1,2025
DAT-06243,Senior,87.23,61.02,90.64,80.39,2,2025
DAT-06243,Senior,80.97,70.67,73.65,75.68,3,2025
QA-02674,Manager,99.21,94.78,68.24,88.59,1,2025
QA-02674,Manager,88.69,71.2,87.96,83.23,2,2025
QA-02674,Manager,71.85,91.97,76.48,79.27,3,2025
DAT-09543,Senior,77.97,87.37,71.51,78.85,1,2025
DAT-09543,Senior,81.15,62.88,93.0,79.22,2,2025
DAT-09543,Senior,76.06,88.84,78.0,80.48,3,2025
DEV-04774,Junior,97.62,83.46,69.92,85.06,1,2025
DEV-04774,Junior,76.72,96.72,68.34,80.2,2,2025
DEV-04774,Junior,71.23,81.29,74.48,75.22,3,2025
DEV-09178,Mid,75.52,85.54,79.73,79.79,1,2025
DEV-09178,Mid,80.19,64.88,85.96,77.33,2,2025
DEV-09178,Mid,60.98,91.28,66.18,71.63,3,2025
DAT-08873,Junior,80.99,92.08,67.87,80.38,1,2025
DAT-08873,Junior,68.24,62.08,85.36,71.53,2,2025
DAT-08873,Junior,95.1,91.46,89.32,92.27,3,2025
QA-09284,Mid,85.27,72.32,76.49,78.75,1,2025
QA-09284,Mid,97.06,71.66,93.2,88.28,2,2025
QA-09284,Mid,75.37,82.28,65.64,74.52,3,2025
DAT-03533,Mid,80.56,91.35,65.15,79.18,1,2025
DAT-03533,Mid,61.81,87.15,70.95,72.16,2,2025
DAT-03533,Mid,90.69,97.88,74.49,87.99,3,2025
SEC-01989,Senior,75.99,60.55,72.59,70.34,1,2025
SEC-01989,Senior,67.34,98.66,88.37,83.05,2,2025
SEC-01989,Senior,69.99,61.57,63.3,65.46,3,2025
DEV-02077,Senior,94.33,88.68,98.47,93.88,1,2025
DEV-02077,Senior,71.2,93.8,64.1,75.85,2,2025
DEV-02077,Senior,81.68,65.27,61.84,70.8,3,2025
QA-02091,Mid,64.93,74.91,99.66,78.35,1,2025
QA-02091,Mid,99.05,62.73,68.53,79.0,2,2025
QA-02091,Mid,66.22,81.3,77.62,74.16,3,2025
DAT-07586,Senior,94.64,66.41,97.83,87.13,1,2025
DAT-07586,Senior,67.32,93.3,83.64,80.01,2,2025
DAT-07586,Senior,68.16,94.17,76.12,78.35,3,2025
DEV-02028,Mid,98.16,96.25,98.12,97.58,1,2025
DEV-02028,Mid,81.26,94.2,78.63,84.35,2,2025
DEV-02028,Mid,87.32,93.57,70.1,84.03,3,2025
DEV-04319,Mid,92.18,93.42,91.53,92.36,1,2025
DEV-04319,Mid,91.97,86.29,75.47,85.31,2,2025
DEV-04319,Mid,76.58,74.66,76.29,75.91,3,2025
DEV-02227,Junior,97.49,80.02,85.93,88.78,1,2025
DEV-02227,Junior,87.07,68.31,83.25,80.3,2,2025
DEV-02227,Junior,80.45,88.59,99.2,88.52,3,2025
DEV-07248,Senior,77.9,95.25,95.01,88.24,1,2025
DEV-07248,Senior,93.43,86.77,89.48,90.25,2,2025
DEV-07248,Senior,77.81,81.39,94.91,84.01,3,2025
QA-01639,Senior,86.82,91.38,79.91,86.12,1,2025
QA-01639,Senior,77.86,85.16,91.47,84.14,2,2025
QA-01639,Senior,92.33,88.26,93.71,91.52,3,2025
QA-05828,Mid,73.39,63.15,89.23,75.07,1,2025
QA-05828,Mid,89.47,80.91,85.02,85.57,2,2025
QA-05828,Mid,69.56,98.02,87.37,83.44,3,2025
DAT-00716,Senior,79.6,94.0,74.31,82.33,1,2025
DAT-00716,Senior,76.21,91.05,69.9,78.77,2,2025
DAT-00716,Senior,87.1,83.33,93.17,87.79,3,2025
DAT-08298,Lead,95.86,70.46,60.5,77.63,1,2025
DAT-08298,Lead,60.92,71.89,96.98,75.03,2,2025
DAT-08298,Lead,82.24,78.99,65.14,76.14,3,2025
DEV-07719,Mid,83.58,71.95,97.65,84.31,1,2025
DEV-07719,Mid,88.59,67.96,84.39,81.14,2,2025
DEV-07719,Mid,68.1,87.35,88.61,80.03,3,2025
DEV-03546,Mid,65.0,87.99,91.95,79.98,1,2025
DEV-03546,Mid,89.54,95.7,96.31,93.42,2,2025
DEV-03546,Mid,98.17,91.94,98.73,96.47,3,2025
QA-01506,Junior,90.25,89.88,81.35,87.47,1,2025
QA-01506,Junior,94.92,61.26,75.24,78.92,2,2025
QA-01506,Junior,71.51,92.98,97.0,85.6,3,2025
DAT-07798,Senior,65.9,84.37,63.15,70.62,1,2025
DAT-07798,Senior,86.03,70.68,76.52,78.57,2,2025
DAT-07798,Senior,71.49,94.0,95.33,85.4,3,2025
QA-09026,Mid,78.43,77.8,83.68,79.81,1,2025
QA-09026,Mid,82.56,96.95,64.69,81.52,2,2025
QA-09026,Mid,96.74,80.64,93.51,90.94,3,2025
DAT-02800,Junior,94.18,82.76,85.25,88.07,1,2025
DAT-02800,Junior,88.08,62.68,63.19,72.99,2,2025
DAT-02800,Junior,97.58,86.76,80.83,89.31,3,2025
DEV-02767,Junior,84.18,90.6,86.75,86.88,1,2025
DEV-02767,Junior,66.35,90.27,70.0,74.62,2,2025
DEV-02767,Junior,66.28,93.46,63.97,73.74,3,2025
DEV-08623,Mid,69.18,61.53,63.34,65.14,1,2025
DEV-08623,Mid,66.56,80.77,77.19,74.01,2,2025
DEV-08623,Mid,62.44,69.28,60.53,63.92,3,2025
DEV-04015,Senior,93.88,98.42,65.38,86.69,1,2025
DEV-04015,Senior,94.45,95.74,94.16,94.75,2,2025
DEV-04015,Senior,61.55,81.88,73.88,71.35,3,2025
DAT-01131,Mid,66.18,69.13,64.58,66.58,1,2025
DAT-01131,Mid,68.38,86.53,89.8,80.25,2,2025
DAT-01131,Mid,64.67,82.76,85.44,76.33,3,2025
DAT-07061,Mid,75.43,92.63,65.3,77.55,1,2025
DAT-07061,Mid,69.68,61.69,83.42,71.41,2,2025
DAT-07061,Mid,76.44,83.71,64.55,75.06,3,2025
DAT-07918,Junior,98.69,73.82,96.99,90.72,1,2025
DAT-07918,Junior,96.0,90.98,96.03,94.5,2,2025
DAT-07918,Junior,99.1,83.63,79.9,88.7,3,2025
SEC-06696,Senior,93.17,73.36,75.38,81.89,1,2025
SEC-06696,Senior,91.35,88.17,83.96,88.18,2,2025
SEC-06696,Senior,61.11,94.56,94.97,81.3,3,2025
DEV-06035,Senior,81.42,97.37,91.51,89.23,1,2025
DEV-06035,Senior,67.86,66.16,82.19,71.65,2,2025
DEV-06035,Senior,72.8,94.63,74.33,79.81,3,2025
DAT-03495,Lead,87.08,89.92,92.17,89.46,1,2025
DAT-03495,Lead,99.81,72.61,66.64,81.7,2,2025
DAT-03495,Lead,94.71,88.63,72.34,86.18,3,2025
DAT-07376,Lead,62.33,83.02,71.16,71.19,1,2025
DAT-07376,Lead,78.84,78.36,72.56,76.81,2,2025
DAT-07376,Lead,94.26,61.56,63.42,75.2,3,2025
DAT-01139,Junior,95.8,62.92,67.92,77.57,1,2025
DAT-01139,Junior,66.06,80.96,64.04,69.92,2,2025
DAT-01139,Junior,72.9,67.15,88.21,75.77,3,2025
QA-09321,Mid,84.33,82.0,69.96,79.32,1,2025
QA-09321,Mid,63.88,75.64,70.71,69.45,2,2025
QA-09321,Mid,92.94,63.04,87.15,82.23,3,2025
DEV-02446,Senior,88.85,72.0,68.38,77.66,1,2025
DEV-02446,Senior,71.61,85.98,93.58,82.51,2,2025
DEV-02446,Senior,83.82,86.63,87.28,85.7,3,2025
DAT-09069,Senior,95.05,97.54,60.31,85.38,1,2025
DAT-09069,Senior,60.63,67.57,94.82,72.97,2,2025
DAT-09069,Senior,91.28,71.22,96.03,86.69,3,2025
QA-02249,Mid,76.67,92.61,91.42,85.88,1,2025
QA-02249,Mid,78.47,94.75,69.02,80.52,2,2025
QA-02249,Mid,71.38,99.86,83.06,83.43,3,2025
DEV-00878,Lead,73.62,81.27,98.06,83.25,1,2025
DEV-00878,Lead,93.47,73.38,87.52,85.66,2,2025
DEV-00878,Lead,66.94,74.17,77.43,72.25,3,2025
DAT-02562,Manager,85.98,62.09,92.56,80.79,1,2025
DAT-02562,Manager,92.15,76.32,72.06,81.37,2,2025
DAT-02562,Manager,84.91,79.85,83.03,82.83,3,2025
QA-04309,Mid,65.22,90.94,96.71,82.38,1,2025
QA-04309,Mid,64.28,64.93,94.98,73.68,2,2025
QA-04309,Mid,85.07,94.02,61.32,80.63,3,2025
DAT-04050,Junior,66.3,84.14,86.1,77.59,1,2025
DAT-04050,Junior,83.87,92.01,65.26,80.73,2,2025
DAT-04050,Junior,87.58,91.09,61.11,80.69,3,2025
DEV-03727,Lead,66.66,76.72,95.0,78.18,1,2025
DEV-03727,Lead,61.93,79.64,94.82,77.11,2,2025
DEV-03727,Lead,70.85,98.45,62.02,76.48,3,2025
DAT-05881,Junior,92.22,82.99,93.95,89.97,1,2025
DAT-05881,Junior,74.31,94.85,99.91,88.15,2,2025
DAT-05881,Junior,67.22,68.05,81.07,71.63,3,2025
SEC-09673,Senior,68.26,97.16,73.49,78.5,1,2025
SEC-09673,Senior,80.01,98.9,96.69,90.68,2,2025
SEC-09673,Senior,71.61,88.07,69.81,76.01,3,2025
DEV-08145,Mid,94.31,96.47,88.62,93.25,1,2025
DEV-08145,Mid,72.53,82.26,71.2,75.05,2,2025
DEV-08145,Mid,94.44,80.4,73.5,83.95,3,2025
QA-02226,Lead,98.43,68.8,87.29,86.2,1,2025
QA-02226,Lead,88.16,72.23,69.36,77.74,2,2025
QA-02226,Lead,97.38,95.94,96.71,96.75,3,2025
DEV-05554,Mid,98.66,91.98,93.61,95.14,1,2025
DEV-05554,Mid,84.06,90.01,61.75,79.15,2,2025
DEV-05554,Mid,90.24,86.88,86.86,88.22,3,2025
DAT-01357,Mid,97.32,79.42,63.39,81.77,1,2025
DAT-01357,Mid,68.38,71.51,62.08,67.43,2,2025
DAT-01357,Mid,89.65,80.17,78.57,83.48,3,2025
SEC-06982,Senior,72.72,86.79,74.23,77.4,1,2025
SEC-06982,Senior,80.16,77.87,68.46,75.96,2,2025
SEC-06982,Senior,83.35,72.2,83.07,79.92,3,2025
DEV-02799,Senior,68.84,85.77,99.84,83.22,1,2025
DEV-02799,Senior,78.85,68.36,79.26,75.83,2,2025
DEV-02799,Senior,82.99,97.94,89.26,89.36,3,2025
DEV-02040,Senior,92.48,63.79,99.48,85.97,1,2025
DEV-02040,Senior,85.59,78.48,61.42,76.21,2,2025
DEV-02040,Senior,88.56,61.23,60.12,71.83,3,2025
DEV-00747,Mid,88.46,96.26,87.76,90.59,1,2025
DEV-00747,Mid,91.32,68.97,90.4,84.34,2,2025
DEV-00747,Mid,71.76,62.06,63.05,66.24,3,2025
SEC-06188,Senior,72.58,86.57,83.41,80.03,1,2025
SEC-06188,Senior,76.36,75.26,89.68,80.03,2,2025
SEC-06188,Senior,83.27,71.55,65.18,74.33,3,2025
DEV-00220,Manager,70.36,71.96,87.83,76.08,1,2025
DEV-00220,Manager,73.53,77.62,64.12,71.93,2,2025
DEV-00220,Manager,66.32,97.39,75.07,78.26,3,2025
SEC-05075,Mid,68.43,70.08,89.11,75.13,1,2025
SEC-05075,Mid,68.65,64.84,82.64,71.71,2,2025
SEC-05075,Mid,67.05,90.67,85.2,79.58,3,2025
DEV-04763,Mid,77.17,63.66,73.56,72.04,1,2025
DEV-04763,Mid,90.55,60.05,85.3,79.82,2,2025
DEV-04763,Mid,88.39,77.79,65.65,78.39,3,2025
DEV-05789,Junior,89.21,90.28,76.75,85.8,1,2025
DEV-05789,Junior,79.23,68.56,79.39,76.08,2,2025
DEV-05789,Junior,93.07,88.95,98.56,93.48,3,2025
QA-00236,Mid,94.95,95.92,85.76,92.49,1,2025
QA-00236,Mid,83.32,79.1,70.42,78.18,2,2025
QA-00236,Mid,66.05,80.97,92.75,78.54,3,2025
SEC-08238,Junior,80.94,70.68,79.21,77.34,1,2025
SEC-08238,Junior,68.35,62.85,99.04,75.91,2,2025
SEC-08238,Junior,74.27,65.85,98.59,79.04,3,2025
SEC-04042,Mid,94.88,81.97,70.74,83.77,1,2025
SEC-04042,Mid,69.03,89.94,75.21,77.16,2,2025
SEC-04042,Mid,81.28,62.34,75.19,73.77,3,2025
DAT-02591,Senior,66.01,87.87,77.61,76.05,1,2025
DAT-02591,Senior,64.36,99.59,61.66,74.12,2,2025
DAT-02591,Senior,70.52,91.35,92.51,83.36,3,2025
DEV-09025,Senior,85.51,87.6,88.87,87.14,1,2025
DEV-09025,Senior,92.54,85.38,92.35,90.34,2,2025
DEV-09025,Senior,79.61,77.61,98.21,84.59,3,2025
SEC-09261,Mid,97.57,69.73,82.57,84.72,1,2025
SEC-09261,Mid,81.01,65.39,88.38,78.53,2,2025
SEC-09261,Mid,81.08,66.95,86.07,78.34,3,2025
SEC-09486,Mid,67.28,83.86,87.37,78.28,1,2025
SEC-09486,Mid,73.89,61.09,73.18,69.84,2,2025
SEC-09486,Mid,97.17,69.05,61.2,77.94,3,2025
SEC-02860,Junior,73.71,98.73,71.47,80.54,1,2025
SEC-02860,Junior,67.36,87.91,97.59,82.6,2,2025
SEC-02860,Junior,60.06,92.74,65.77,71.58,3,2025
SEC-08720,Mid,88.2,68.85,99.15,85.68,1,2025
SEC-08720,Mid,99.49,84.0,91.77,92.53,2,2025
SEC-08720,Mid,80.67,71.97,93.84,82.01,3,2025
DEV-00676,Junior,99.83,75.15,93.01,90.38,1,2025
DEV-00676,Junior,92.93,99.36,73.96,89.17,2,2025
DEV-00676,Junior,73.21,92.04,96.86,85.95,3,2025
QA-07636,Mid,98.26,94.25,84.89,93.04,1,2025
QA-07636,Mid,96.71,63.59,91.09,85.09,2,2025
QA-07636,Mid,90.45,99.09,86.09,91.73,3,2025
DEV-09244,Senior,71.96,89.98,89.29,82.56,1,2025
DEV-09244,Senior,67.39,69.06,67.93,68.06,2,2025
DEV-09244,Senior,94.97,63.9,86.7,83.17,3,2025
SEC-04505,Senior,63.67,67.81,90.4,72.93,1,2025
SEC-04505,Senior,99.74,65.29,67.57,79.76,2,2025
SEC-04505,Senior,96.86,60.77,64.41,76.3,3,2025
DEV-06109,Senior,85.34,68.81,79.44,78.61,1,2025
DEV-06109,Senior,89.97,76.89,64.56,78.42,2,2025
DEV-06109,Senior,64.04,90.94,69.84,73.85,3,2025
DAT-00785,Junior,89.58,81.01,68.6,80.72,1,2025
DAT-00785,Junior,61.17,90.51,74.55,73.99,2,2025
DAT-00785,Junior,98.66,88.31,61.26,84.34,3,2025
DEV-09371,Junior,65.99,79.98,66.0,70.19,1,2025
DEV-09371,Junior,88.2,68.73,81.12,80.23,2,2025
DEV-09371,Junior,88.92,66.41,86.09,81.32,3,2025
DEV-07900,Mid,68.33,97.05,90.75,83.67,1,2025
DEV-07900,Mid,85.59,68.18,99.89,84.66,2,2025
DEV-07900,Mid,84.27,82.69,77.11,81.65,3,2025
DEV-07865,Mid,89.51,76.44,70.35,79.84,1,2025
DEV-07865,Mid,71.31,97.44,63.18,76.71,2,2025
DEV-07865,Mid,94.9,85.45,75.69,86.3,3,2025
DEV-02480,Junior,69.43,85.63,99.26,83.24,1,2025
DEV-02480,Junior,90.67,98.07,82.13,90.33,2,2025
DEV-02480,Junior,85.51,72.81,99.75,85.97,3,2025
DEV-02625,Junior,98.95,64.47,96.04,87.73,1,2025
DEV-02625,Junior,95.73,84.61,87.11,89.81,2,2025
DEV-02625,Junior,60.56,94.38,98.8,82.18,3,2025
DEV-04613,Senior,89.22,67.42,86.45,81.85,1,2025
DEV-04613,Senior,61.0,82.76,99.13,78.97,2,2025
DEV-04613,Senior,85.18,74.69,77.11,79.61,3,2025
DEV-09687,Mid,80.43,73.76,67.13,74.44,1,2025
DEV-09687,Mid,85.01,68.62,82.37,79.3,2,2025
DEV-09687,Mid,98.99,93.36,75.01,90.11,3,2025
QA-01068,Mid,71.41,99.22,77.36,81.54,1,2025
QA-01068,Mid,80.01,90.18,87.59,85.34,2,2025
QA-01068,Mid,92.76,72.07,92.32,86.42,3,2025
DEV-01403,Senior,92.47,98.97,62.6,85.46,1,2025
DEV-01403,Senior,76.14,83.2,72.1,77.05,2,2025
DEV-01403,Senior,67.79,93.35,61.93,73.7,3,2025
AI_00001,MLOps Engineer,68.6,60.59,87.35,71.82,1,2025
AI_00001,MLOps Engineer,66.93,84.15,72.15,73.66,2,2025
AI_00001,MLOps Engineer,75.15,98.54,70.17,80.67,3,2025
AI_00002,AI Engineer,60.52,65.47,99.82,73.79,1,2025
AI_00002,AI Engineer,76.12,79.5,94.72,82.71,2,2025
AI_00002,AI Engineer,65.12,63.9,88.52,71.77,3,2025
AI_00003,Research Scientist,81.14,92.98,68.12,80.79,1,2025
AI_00003,Research Scientist,80.71,96.85,84.92,86.82,2,2025
AI_00003,Research Scientist,76.38,65.87,81.95,74.9,3,2025
AI_00004,Research Scientist,96.53,76.98,69.45,82.54,1,2025
AI_00004,Research Scientist,89.2,86.3,87.29,87.75,2,2025
AI_00004,Research Scientist,61.61,64.21,66.01,63.71,3,2025
AI_00005,ML Engineer,66.14,94.14,85.68,80.4,1,2025
AI_00005,ML Engineer,82.22,89.46,84.64,85.12,2,2025
AI_00005,ML Engineer,82.09,85.78,82.88,83.44,3,2025
AI_00006,Research Scientist,98.36,65.46,78.0,82.38,1,2025
AI_00006,Research Scientist,61.75,87.84,96.69,80.06,2,2025
AI_00006,Research Scientist,63.28,95.2,63.6,72.95,3,2025
AI_00007,AI Engineer,79.63,67.16,85.56,77.67,1,2025
AI_00007,AI Engineer,92.28,74.79,75.08,81.87,2,2025
AI_00007,AI Engineer,98.26,90.32,70.26,87.48,3,2025
AI_00008,ML Engineer,99.86,68.94,74.85,83.08,1,2025
AI_00008,ML Engineer,60.35,88.29,79.7,74.54,2,2025
AI_00008,ML Engineer,60.08,99.8,63.48,73.02,3,2025
AI_00009,AI Engineer,88.79,90.04,95.39,91.15,1,2025
AI_00009,AI Engineer,85.12,78.77,69.95,78.67,2,2025
AI_00009,AI Engineer,69.15,67.12,71.15,69.14,3,2025
AI_00010,Research Scientist,99.15,63.62,97.52,88.0,1,2025
AI_00010,Research Scientist,60.21,96.2,62.14,71.58,2,2025
AI_00010,Research Scientist,95.0,69.51,90.36,85.96,3,2025
AI_00011,ML Engineer,60.82,99.41,78.74,77.78,1,2025
AI_00011,ML Engineer,78.06,91.36,92.44,86.36,2,2025
AI_00011,ML Engineer,65.88,62.6,70.31,66.22,3,2025
AI_00012,Research Scientist,90.09,94.49,99.51,94.24,1,2025
AI_00012,Research Scientist,99.76,94.69,68.18,88.76,2,2025
AI_00012,Research Scientist,76.97,90.9,83.0,82.96,3,2025
AI_00013,Research Scientist,71.75,98.85,82.71,83.17,1,2025
AI_00013,Research Scientist,69.87,92.57,74.24,77.99,2,2025
AI_00013,Research Scientist,88.83,74.33,92.16,85.48,3,2025
AI_00014,MLOps Engineer,91.71,65.43,83.81,81.45,1,2025
AI_00014,MLOps Engineer,80.07,93.18,71.28,81.36,2,2025
AI_00014,MLOps Engineer,62.9,66.79,72.38,66.91,3,2025
AI_00015,AI Engineer,84.04,93.09,61.28,79.93,1,2025
AI_00015,AI Engineer,71.23,72.82,86.0,76.14,2,2025
AI_00015,AI Engineer,99.68,61.44,84.49,83.65,3,2025
AI_00016,Research Scientist,75.96,92.21,99.07,87.77,1,2025
AI_00016,Research Scientist,81.07,93.23,77.6,83.68,2,2025
AI_00016,Research Scientist,77.28,64.59,98.09,79.72,3,2025
AI_00017,Research Scientist,84.62,69.82,61.21,73.15,1,2025
AI_00017,Research Scientist,96.6,97.06,82.79,92.59,2,2025
AI_00017,Research Scientist,91.82,68.73,93.67,85.45,3,2025
AI_00018,MLOps Engineer,91.64,66.17,89.7,83.42,1,2025
AI_00018,MLOps Engineer,70.66,98.53,96.39,86.74,2,2025
AI_00018,MLOps Engineer,62.62,76.82,94.37,76.4,3,2025
AI_00019,MLOps Engineer,68.91,76.43,82.51,75.25,1,2025
AI_00019,MLOps Engineer,96.35,96.35,87.56,93.71,2,2025
AI_00019,MLOps Engineer,62.51,99.53,65.92,74.64,3,2025
AI_00020,ML Engineer,77.57,64.82,72.54,72.24,1,2025
AI_00020,ML Engineer,74.82,84.75,84.42,80.68,2,2025
AI_00020,ML Engineer,78.44,67.24,66.95,71.63,3,2025
AI_00021,Research Scientist,91.43,60.89,80.55,79.01,1,2025
AI_00021,Research Scientist,63.83,97.83,71.15,76.23,2,2025
AI_00021,Research Scientist,73.34,62.98,73.63,70.32,3,2025
AI_00022,Research Scientist,65.67,63.32,61.15,63.61,1,2025
AI_00022,Research Scientist,82.22,63.21,86.06,77.67,2,2025
AI_00022,Research Scientist,94.28,63.72,75.12,79.37,3,2025
AI_00023,ML Engineer,60.55,68.99,81.33,69.31,1,2025
AI_00023,ML Engineer,92.95,91.08,82.9,89.38,2,2025
AI_00023,ML Engineer,62.17,84.67,89.38,77.08,3,2025
AI_00024,AI Engineer,61.09,77.28,73.42,69.65,1,2025
AI_00024,AI Engineer,70.81,68.23,77.49,72.04,2,2025
AI_00024,AI Engineer,82.84,60.68,70.1,72.37,3,2025
AI_00025,AI Engineer,97.94,98.09,73.34,90.61,1,2025
AI_00025,AI Engineer,71.53,94.16,62.9,75.73,2,2025
AI_00025,AI Engineer,67.52,85.38,98.16,82.07,3,2025
AI_00026,MLOps Engineer,76.63,64.15,92.36,77.61,1,2025
AI_00026,MLOps Engineer,84.96,96.85,69.6,83.92,2,2025
AI_00026,MLOps Engineer,73.03,72.12,97.31,80.04,3,2025
AI_00027,MLOps Engineer,60.73,90.08,94.42,79.64,1,2025
AI_00027,MLOps Engineer,90.63,83.79,64.76,80.82,2,2025
AI_00027,MLOps Engineer,99.47,76.96,98.15,92.32,3,2025
AI_00028,Research Scientist,71.15,66.62,96.13,77.28,1,2025
AI_00028,Research Scientist,60.1,61.18,80.28,66.48,2,2025
AI_00028,Research Scientist,91.66,63.31,90.09,82.68,3,2025
AI_00029,Research Scientist,68.41,85.4,81.99,77.58,1,2025
AI_00029,Research Scientist,93.71,87.42,61.73,82.23,2,2025
AI_00029,Research Scientist,62.64,64.97,99.57,74.42,3,2025
AI_00030,Research Scientist,90.41,94.85,87.14,90.76,1,2025
AI_00030,Research Scientist,74.26,92.71,99.94,87.5,2,2025
AI_00030,Research Scientist,87.51,63.48,84.78,79.48,3,2025
AI_00031,Research Scientist,92.63,86.07,70.61,84.06,1,2025
AI_00031,Research Scientist,62.25,76.92,78.88,71.64,2,2025
AI_00031,Research Scientist,98.24,67.83,76.53,82.6,3,2025
AI_00032,AI Engineer,67.63,88.98,83.45,78.78,1,2025
AI_00032,AI Engineer,92.78,60.68,93.27,83.3,2,2025
AI_00032,AI Engineer,79.88,67.23,61.75,70.64,3,2025
AI_00033,Research Scientist,89.79,75.62,72.01,80.2,1,2025
AI_00033,Research Scientist,70.08,69.47,62.74,67.69,2,2025
AI_00033,Research Scientist,78.97,61.28,62.24,68.65,3,2025
AI_00034,Research Scientist,96.81,75.67,85.42,87.05,1,2025
AI_00034,Research Scientist,98.67,97.15,99.24,98.38,2,2025
AI_00034,Research Scientist,85.02,70.27,69.32,75.88,3,2025
AI_00035,ML Engineer,94.96,76.97,60.82,79.32,1,2025
AI_00035,ML Engineer,92.2,73.93,91.94,86.64,2,2025
AI_00035,ML Engineer,76.92,89.53,61.54,76.09,3,2025
AI_00036,Research Scientist,69.55,88.05,85.47,79.88,1,2025
AI_00036,Research Scientist,94.66,78.77,61.4,79.91,2,2025
AI_00036,Research Scientist,83.68,90.83,95.43,89.35,3,2025
AI_00037,Research Scientist,62.37,66.38,70.29,65.95,1,2025
AI_00037,Research Scientist,98.84,99.49,67.8,89.73,2,2025
AI_00037,Research Scientist,75.27,97.14,92.41,86.97,3,2025
AI_00038,Research Scientist,89.0,83.38,89.21,87.38,1,2025
AI_00038,Research Scientist,81.31,73.83,93.32,82.67,2,2025
AI_00038,Research Scientist,90.0,79.7,74.71,82.32,3,2025
AI_00039,ML Engineer,61.1,60.24,80.37,66.63,1,2025
AI_00039,ML Engineer,86.41,63.21,96.92,82.61,2,2025
AI_00039,ML Engineer,88.09,67.9,98.91,85.28,3,2025
AI_00040,MLOps Engineer,78.64,84.5,72.91,78.68,1,2025
AI_00040,MLOps Engineer,76.2,73.25,72.88,74.32,2,2025
AI_00040,MLOps Engineer,69.1,93.92,85.85,81.57,3,2025
AI_00041,MLOps Engineer,99.04,92.15,98.66,96.86,1,2025
AI_00041,MLOps Engineer,75.29,74.65,75.86,75.27,2,2025
AI_00041,MLOps Engineer,96.15,63.45,98.15,86.94,3,2025
AI_00042,AI Engineer,72.82,96.25,99.79,87.94,1,2025
AI_00042,AI Engineer,80.14,90.5,67.74,79.52,2,2025
AI_00042,AI Engineer,94.47,71.27,65.06,78.69,3,2025
AI_00043,ML Engineer,62.39,84.69,70.88,71.62,1,2025
AI_00043,ML Engineer,65.32,61.53,61.55,63.05,2,2025
AI_00043,ML Engineer,90.35,96.64,74.2,87.39,3,2025
AI_00044,AI Engineer,85.68,62.27,63.36,71.96,1,2025
AI_00044,AI Engineer,83.51,98.16,85.58,88.53,2,2025
AI_00044,AI Engineer,72.98,77.0,94.59,80.67,3,2025
AI_00045,ML Engineer,95.71,81.92,68.05,83.28,1,2025
AI_00045,ML Engineer,73.46,72.54,67.29,71.33,2,2025
AI_00045,ML Engineer,67.85,76.69,96.88,79.21,3,2025
AI_00046,Research Scientist,80.87,72.73,73.25,76.14,1,2025
AI_00046,Research Scientist,64.53,75.78,92.43,76.27,2,2025
AI_00046,Research Scientist,99.08,64.55,95.67,87.7,3,2025
AI_00047,Research Scientist,81.25,77.89,74.96,78.35,1,2025
AI_00047,Research Scientist,76.8,91.17,85.26,83.65,2,2025
AI_00047,Research Scientist,91.44,83.8,88.93,88.39,3,2025
AI_00048,Research Scientist,73.65,84.53,72.27,76.5,1,2025
AI_00048,Research Scientist,93.34,60.77,87.25,81.74,2,2025
AI_00048,Research Scientist,71.16,81.36,96.97,81.97,3,2025
AI_00049,MLOps Engineer,94.97,74.22,62.89,79.12,1,2025
AI_00049,MLOps Engineer,82.94,93.1,79.13,84.85,2,2025
AI_00049,MLOps Engineer,83.09,64.17,94.67,80.89,3,2025
AI_00050,AI Engineer,60.41,97.94,95.24,82.11,1,2025
AI_00050,AI Engineer,66.71,74.55,61.62,67.53,2,2025
AI_00050,AI Engineer,79.58,65.48,60.2,69.54,3,2025
AI_00051,Research Scientist,95.48,97.8,93.69,95.64,1,2025
AI_00051,Research Scientist,81.65,97.26,90.26,88.92,2,2025
AI_00051,Research Scientist,80.05,76.24,86.88,80.96,3,2025
AI_00052,MLOps Engineer,60.89,89.79,73.36,73.3,1,2025
AI_00052,MLOps Engineer,73.29,65.16,83.15,73.81,2,2025
AI_00052,MLOps Engineer,65.69,81.12,92.02,78.22,3,2025
AI_00053,Research Scientist,96.83,74.37,87.06,87.16,1,2025
AI_00053,Research Scientist,93.0,96.39,74.6,88.5,2,2025
AI_00053,Research Scientist,63.93,71.19,76.89,70.0,3,2025
AI_00054,AI Engineer,77.08,99.97,89.7,87.73,1,2025
AI_00054,AI Engineer,81.17,65.25,86.54,78.0,2,2025
AI_00054,AI Engineer,89.63,74.48,91.41,85.62,3,2025
AI_00055,MLOps Engineer,89.97,95.62,79.86,88.63,1,2025
AI_00055,MLOps Engineer,64.41,92.85,91.41,81.05,2,2025
AI_00055,MLOps Engineer,85.22,73.72,95.19,84.76,3,2025
AI_00056,MLOps Engineer,95.2,60.78,75.54,78.97,1,2025
AI_00056,MLOps Engineer,60.07,98.56,61.75,72.12,2,2025
AI_00056,MLOps Engineer,81.7,80.79,92.6,84.7,3,2025
